,brand,model,processor_name,ram_gb,ssd,hdd,latest_price
0,Lenovo,A6-9225,A6-9225 Processor,4 GB GB,0 GB,1024 GB,24990
1,Lenovo,Ideapad,APU Dual,4 GB GB,0 GB,512 GB,19590
2,Avita,PURA,APU Dual,4 GB GB,128 GB,0 GB,19990
3,Avita,PURA,APU Dual,4 GB GB,128 GB,0 GB,21490
4,Avita,PURA,APU Dual,4 GB GB,256 GB,0 GB,24990
5,Avita,PURA,APU Dual,8 GB GB,256 GB,0 GB,24990
6,HP,APU,APU Dual,4 GB GB,0 GB,1024 GB,20900
7,Lenovo,APU,APU Dual,4 GB GB,0 GB,1024 GB,21896
8,HP,Athlon,Athlon Dual,32 GB GB,32 GB,0 GB,26899
9,acer,Aspire,Athlon Dual,4 GB GB,256 GB,0 GB,31990
10,ASUS,ExpertBook,Core i3,4 GB GB,0 GB,1024 GB,34649
11,Lenovo,Missing,Core i3,4 GB GB,0 GB,1024 GB,38999
12,Lenovo,v15,Core i3,4 GB GB,0 GB,1024 GB,39999
13,ASUS,ExpertBook,Core i5,8 GB GB,512 GB,0 GB,69990
14,ASUS,VivoBook,Celeron Dual,4 GB GB,0 GB,512 GB,26990
15,ASUS,EeeBook,Celeron Dual,4 GB GB,0 GB,512 GB,22990
16,ASUS,EeeBook,Celeron Dual,4 GB GB,0 GB,512 GB,21990
17,ASUS,ExpertBook,Core i5,8 GB GB,0 GB,1024 GB,58799
18,Lenovo,Missing,Core i5,4 GB GB,0 GB,1024 GB,49999
19,acer,Aspire,Ryzen,4 GB GB,0 GB,512 GB,54990
20,acer,Nitro,Ryzen 5,4 GB GB,0 GB,512 GB,59990
21,acer,Nitro,Ryzen 5,4 GB GB,0 GB,512 GB,93700
22,acer,Nitro,Ryzen 5,4 GB GB,0 GB,512 GB,72990
23,Avita,Cosmos,Celeron Dual,4 GB GB,0 GB,512 GB,17490
25,ASUS,ExpertBook,Core i3,4 GB GB,256 GB,0 GB,35990
26,HP,x360,Core i3,8 GB GB,256 GB,0 GB,56490
27,HP,x360,Core i5,8 GB GB,256 GB,0 GB,65390
28,Lenovo,IdeaPad,Celeron Dual,4 GB GB,256 GB,0 GB,31999
29,HP,Celeron,Celeron Dual,8 GB GB,256 GB,0 GB,32490
30,Lenovo,IdeaPad,Celeron Dual,4 GB GB,256 GB,0 GB,31799
31,ASUS,VivoBook,Celeron Dual,4 GB GB,256 GB,0 GB,29890
32,ASUS,Celeron,Celeron Dual,4 GB GB,0 GB,1024 GB,23990
33,HP,15q,Core i3,4 GB GB,0 GB,1024 GB,32955
34,HP,250-G6,Core i5,4 GB GB,0 GB,1024 GB,46200
35,ASUS,Missing,Core i3,4 GB GB,256 GB,0 GB,34429
36,Lenovo,IdeaPad,Core i3,8 GB GB,256 GB,0 GB,37990
37,ASUS,VivoBook,Core i3,4 GB GB,256 GB,0 GB,35990
38,ASUS,VivoBook,Core i3,8 GB GB,256 GB,0 GB,33980
39,HP,Missing,Core i3,8 GB GB,256 GB,0 GB,39990
40,DELL,Vostro,Core i3,8 GB GB,256 GB,0 GB,39490
41,RedmiBook,15,Core i3,8 GB GB,256 GB,0 GB,38990
42,HP,Pavilion,Core i3,8 GB GB,256 GB,0 GB,53990
43,acer,Aspire,Core i3,8 GB GB,256 GB,0 GB,38990
44,realme,Book,Core i3,8 GB GB,256 GB,0 GB,46990
45,ASUS,Missing,Core i3,8 GB GB,256 GB,0 GB,37990
46,ASUS,VivoBook,Core i3,8 GB GB,256 GB,0 GB,37890
47,Lenovo,IdeaPad,Core i3,8 GB GB,256 GB,0 GB,38990
49,DELL,Vostro,Core i3,8 GB GB,256 GB,0 GB,41990
50,ASUS,VivoBook,Core i3,8 GB GB,256 GB,0 GB,45990
51,Lenovo,IdeaPad,Core i3,8 GB GB,256 GB,0 GB,39990
52,DELL,Inspiron,Core i3,8 GB GB,256 GB,0 GB,42490
53,Infinix,INBook,Core i3,8 GB GB,256 GB,0 GB,32990
54,DELL,Vostro,Core i3,4 GB GB,256 GB,0 GB,36990
55,Lenovo,Ideapad,Core i3,8 GB GB,256 GB,0 GB,53990
56,ASUS,VivoBook,Core i3,8 GB GB,256 GB,0 GB,36990
57,Lenovo,IdeaPad,Core i3,4 GB GB,256 GB,0 GB,38940
58,DELL,Inspiron,Core i3,4 GB GB,256 GB,0 GB,39490
60,Lenovo,Ideapad,Core i3,8 GB GB,256 GB,0 GB,39999
61,DELL,Inspiron,Core i3,8 GB GB,256 GB,0 GB,42990
62,DELL,Inspiron,Core i3,8 GB GB,256 GB,0 GB,49990
63,DELL,Vostro,Core i3,8 GB GB,256 GB,0 GB,41490
64,DELL,Inspiron,Core i3,8 GB GB,256 GB,0 GB,41990
65,Lenovo,Ideapad,Core i3,8 GB GB,256 GB,0 GB,41990
67,ASUS,VivoBook,Core i3,8 GB GB,256 GB,0 GB,38490
68,Lenovo,Missing,Core i3,4 GB GB,256 GB,0 GB,38990
69,Lenovo,ThinkPad,Core i3,4 GB GB,256 GB,0 GB,44990
70,Lenovo,IdeaPad,Core i3,4 GB GB,256 GB,0 GB,36490
71,Lenovo,Missing,Core i3,8 GB GB,256 GB,0 GB,38970
72,HP,Missing,Core i3,4 GB GB,256 GB,0 GB,44900
73,MSI,Missing,Core i3,4 GB GB,256 GB,0 GB,38990
74,DELL,Vostro,Core i3,4 GB GB,256 GB,0 GB,44427
76,Lenovo,Ideapad,Core i3,4 GB GB,256 GB,0 GB,40200
77,Lenovo,Missing,Core i3,4 GB GB,256 GB,0 GB,40990
78,DELL,Inspiron,Core i3,4 GB GB,256 GB,0 GB,42490
79,realme,Book,Core i3,4 GB GB,256 GB,0 GB,47999
80,acer,Chromebook,Celeron Dual,4 GB GB,0 GB,512 GB,23990
81,DELL,Missing,Core i3,4 GB GB,256 GB,0 GB,71999
82,ASUS,VivoBook,Core i3,4 GB GB,256 GB,0 GB,39990
83,Lenovo,IdeaPad,Core i3,4 GB GB,256 GB,0 GB,41998
84,ASUS,Missing,Core i3,4 GB GB,256 GB,0 GB,41990
85,Lenovo,Ideapad,Core i3,4 GB GB,256 GB,0 GB,39999
86,ASUS,Commercial,Core i3,4 GB GB,256 GB,0 GB,39990
87,Lenovo,Ideapad,Core i3,4 GB GB,256 GB,0 GB,39998
88,HP,14s,Core i3,4 GB GB,256 GB,0 GB,42490
89,Lenovo,Missing,Core i3,4 GB GB,256 GB,0 GB,41990
90,ASUS,Missing,Core i3,4 GB GB,256 GB,0 GB,48490
91,HP,Missing,Core i3,4 GB GB,256 GB,0 GB,44376
92,DELL,Missing,Core i3,4 GB GB,256 GB,0 GB,43900
93,DELL,INSPIRON,Core i3,4 GB GB,256 GB,0 GB,46690
95,DELL,Inspiron,Core i3,4 GB GB,256 GB,0 GB,39990
96,Lenovo,V15,Core i3,4 GB GB,256 GB,0 GB,43990
97,ASUS,VivoBook,Core i3,4 GB GB,256 GB,0 GB,36990
98,DELL,Missing,Core i3,8 GB GB,256 GB,0 GB,48500
99,ASUS,VivoBook,Core i3,8 GB GB,256 GB,0 GB,48990
100,ASUS,Chromebook,Celeron Dual,4 GB GB,0 GB,512 GB,23490
101,HP,Pavilion,Core i3,4 GB GB,256 GB,0 GB,54238
102,ASUS,VivoBook,Core i3,8 GB GB,512 GB,0 GB,37990
103,HP,Missing,Core i3,8 GB GB,512 GB,0 GB,42990
105,ASUS,VivoBook,Core i3,4 GB GB,512 GB,0 GB,35990
106,RedmiBook,15,Core i3,8 GB GB,512 GB,0 GB,42990
107,ASUS,VivoBook,Core i3,8 GB GB,512 GB,0 GB,42990
108,ASUS,VivoBook,Core i3,8 GB GB,512 GB,0 GB,51990
109,ASUS,VivoBook,Core i3,8 GB GB,512 GB,0 GB,48990
111,Lenovo,Missing,Core i3,8 GB GB,512 GB,0 GB,38990
112,DELL,Inspiron,Core i3,8 GB GB,512 GB,0 GB,45990
113,HP,Missing,Core i3,8 GB GB,512 GB,0 GB,42490
114,HP,Missing,Core i3,8 GB GB,512 GB,0 GB,43970
115,ASUS,Missing,Core i3,4 GB GB,512 GB,0 GB,39990
116,MSI,Missing,Core i3,8 GB GB,512 GB,0 GB,48990
117,HP,Pavilion,Core i3,8 GB GB,512 GB,0 GB,54990
118,MSI,Missing,Core i3,8 GB GB,512 GB,0 GB,40990
119,ASUS,VivoBook,Core i3,8 GB GB,512 GB,0 GB,41990
120,Lenovo,IdeaPad,Core i3,8 GB GB,512 GB,0 GB,54990
121,ASUS,VivoBook,Core i3,8 GB GB,512 GB,0 GB,44990
122,HP,Missing,Core i3,8 GB GB,512 GB,0 GB,41250
123,HP,Missing,Core i3,8 GB GB,512 GB,0 GB,44990
125,DELL,Missing,Core i3,8 GB GB,512 GB,0 GB,60790
126,HP,Missing,Core i3,8 GB GB,512 GB,0 GB,45650
127,DELL,Vostro,Core i3,8 GB GB,512 GB,0 GB,41990
128,DELL,Inspiron,Core i3,8 GB GB,512 GB,0 GB,45490
130,Lenovo,IdeaPad,Core i3,8 GB GB,512 GB,0 GB,42990
131,HP,15s,Core i3,4 GB GB,512 GB,0 GB,45490
132,HP,Missing,Core i3,4 GB GB,512 GB,0 GB,38799
133,HP,Pavilion,Core i3,4 GB GB,512 GB,0 GB,69267
134,ASUS,VivoBook,Core i3,4 GB GB,512 GB,0 GB,51649
135,HP,Missing,Core i3,4 GB GB,512 GB,0 GB,47990
136,ASUS,VivoBook,Core i3,4 GB GB,512 GB,0 GB,40990
137,ASUS,Missing,Core i3,4 GB GB,512 GB,0 GB,42990
138,ASUS,VivoBook,Core i3,4 GB GB,512 GB,0 GB,44890
139,ASUS,VivoBook,Core i3,4 GB GB,512 GB,0 GB,41490
140,HP,15s,Core i3,4 GB GB,512 GB,0 GB,50990
141,HP,Missing,Core i3,4 GB GB,512 GB,0 GB,48900
143,DELL,Vostro,Core i3,4 GB GB,512 GB,0 GB,41790
144,Lenovo,Ideapad,Core i3,4 GB GB,512 GB,0 GB,57999
145,DELL,Inspiron,Core i3,8 GB GB,512 GB,0 GB,45930
146,HP,Pavilion,Core i3,8 GB GB,512 GB,0 GB,55490
147,ASUS,VivoBook,Core i3,8 GB GB,0 GB,1024 GB,32890
148,Lenovo,IdeaPad,Core i3,8 GB GB,0 GB,1024 GB,35990
149,DELL,Inspiron,Core i3,8 GB GB,0 GB,1024 GB,42490
150,DELL,Vostro,Core i3,8 GB GB,0 GB,1024 GB,42190
151,DELL,Vostro,Core i3,8 GB GB,0 GB,1024 GB,39490
152,HP,15s,Core i3,8 GB GB,0 GB,1024 GB,43690
153,ASUS,VivoBook,Core i3,4 GB GB,0 GB,1024 GB,35990
154,DELL,3000,Core i3,8 GB GB,0 GB,1024 GB,43800
155,Lenovo,Missing,Core i3,8 GB GB,0 GB,1024 GB,38990
156,ASUS,VivoBook,Core i3,4 GB GB,0 GB,1024 GB,34990
157,ASUS,VivoBook,Core i3,8 GB GB,0 GB,1024 GB,38900
158,DELL,Inspiron,Core i3,4 GB GB,0 GB,1024 GB,39990
159,DELL,INSPIRON,Core i3,4 GB GB,0 GB,1024 GB,40890
160,Lenovo,Missing,Core i3,4 GB GB,0 GB,1024 GB,36990
161,HP,15s,Core i3,4 GB GB,0 GB,1024 GB,39990
162,HP,Missing,Core i3,4 GB GB,0 GB,1024 GB,41990
163,DELL,Missing,Core i3,4 GB GB,0 GB,1024 GB,43970
164,HP,Notebook,Core i3,4 GB GB,0 GB,1024 GB,39790
165,ASUS,Missing,Core i3,4 GB GB,0 GB,1024 GB,35590
166,HP,14s,Core i3,4 GB GB,0 GB,1024 GB,36490
167,ASUS,VivoBook,Core i3,4 GB GB,0 GB,1024 GB,38990
168,ASUS,Missing,Core i3,4 GB GB,0 GB,1024 GB,33990
169,DELL,Inspiron,Core i3,4 GB GB,0 GB,1024 GB,43400
170,ASUS,Chromebook,Celeron Dual,4 GB GB,0 GB,512 GB,24990
171,HP,15s,Core i3,4 GB GB,0 GB,1024 GB,40750
172,DELL,Inspiron,Core i3,4 GB GB,0 GB,1024 GB,43000
173,ASUS,Vivo,Core i3,4 GB GB,0 GB,1024 GB,38000
174,DELL,Inspiron,Core i3,8 GB GB,0 GB,1024 GB,37990
175,HP,DA,Core i3,8 GB GB,0 GB,1024 GB,49279
176,Lenovo,Missing,Core i3,8 GB GB,0 GB,1024 GB,38999
177,ASUS,Missing,Core i3,8 GB GB,0 GB,1024 GB,41500
178,acer,Missing,Core i3,4 GB GB,0 GB,1024 GB,36999
179,DELL,Missing,Core i3,8 GB GB,0 GB,1024 GB,42900
180,ASUS,Chromebook,Celeron Dual,4 GB GB,0 GB,512 GB,21490
181,DELL,Insprion,Core i3,8 GB GB,0 GB,1024 GB,41480
182,ASUS,VivoBook,Core i3,8 GB GB,0 GB,1024 GB,32990
183,ASUS,VivoBook,Core i3,8 GB GB,0 GB,1024 GB,38680
184,ASUS,Chromebook,Celeron Dual,4 GB GB,0 GB,512 GB,23990
185,DELL,Missing,Core i3,8 GB GB,0 GB,1024 GB,40390
186,ASUS,VivoBook,Core i3,4 GB GB,0 GB,1024 GB,33990
187,ASUS,Chromebook,Celeron Dual,4 GB GB,0 GB,512 GB,20490
188,DELL,Vostro,Core i3,8 GB GB,256 GB,1024 GB,41490
189,DELL,Inspiron,Core i3,8 GB GB,256 GB,1024 GB,45490
190,DELL,Inspiron,Core i3,8 GB GB,256 GB,1024 GB,44490
191,ASUS,VivoBook,Core i3,8 GB GB,256 GB,1024 GB,41890
192,DELL,Vostro,Core i3,4 GB GB,256 GB,1024 GB,42990
193,acer,Travelmate,Core i3,8 GB GB,256 GB,1024 GB,40990
194,DELL,Inspiron,Core i3,8 GB GB,256 GB,1024 GB,48990
195,DELL,Vostro,Core i3,4 GB GB,256 GB,1024 GB,43590
196,DELL,Inspiron,Core i3,4 GB GB,256 GB,1024 GB,44690
197,ASUS,ExpertBook,Core i3,4 GB GB,256 GB,1024 GB,40990
198,DELL,Vostro,Core i3,4 GB GB,256 GB,1024 GB,43990
200,DELL,Vostro,Core i3,4 GB GB,256 GB,1024 GB,41390
201,DELL,Vostro,Core i3,4 GB GB,256 GB,1024 GB,44290
202,DELL,Inspiron,Core i3,4 GB GB,256 GB,1024 GB,48999
203,DELL,Vostro,Core i3,4 GB GB,256 GB,1024 GB,39990
204,DELL,Missing,Core i3,8 GB GB,256 GB,1024 GB,46390
205,ASUS,Chromebook,Celeron Dual,4 GB GB,0 GB,512 GB,18990
206,ASUS,Chromebook,Celeron Dual,4 GB GB,0 GB,512 GB,17990
207,HP,14a,Celeron Dual,4 GB GB,0 GB,512 GB,26470
208,HP,Chromebook,Celeron Dual,4 GB GB,0 GB,512 GB,27990
209,Lenovo,Celeron,Celeron Dual,4 GB GB,0 GB,1024 GB,29999
210,Lenovo,IdeaPad,Celeron Dual,4 GB GB,0 GB,512 GB,25990
211,Lenovo,IdeaPad,Celeron Dual,4 GB GB,0 GB,512 GB,16990
212,Lenovo,IdeaPad,Celeron Dual,4 GB GB,0 GB,512 GB,24990
213,acer,Predator,Core,4 GB GB,0 GB,512 GB,99990
214,acer,Aspire,Core i5,8 GB GB,0 GB,512 GB,50990
215,acer,Spin,Core i5,8 GB GB,0 GB,512 GB,119990
216,acer,Swift,Core i5,8 GB GB,0 GB,512 GB,94190
217,ASUS,ROG,Core i5,8 GB GB,0 GB,512 GB,106167
218,DELL,Missing,Core i5,8 GB GB,0 GB,512 GB,68090
219,DELL,XPS,Core i5,8 GB GB,0 GB,512 GB,139990
220,HP,15s,Core i5,8 GB GB,0 GB,512 GB,55990
221,HP,Omen,Core i5,8 GB GB,0 GB,512 GB,102551
222,lenovo,Ideapad,Core i5,8 GB GB,0 GB,512 GB,72990
223,Lenovo,Ideapad,Core i5,8 GB GB,0 GB,512 GB,46990
224,MICROSOFT,Surface,Core i5,8 GB GB,128 GB,0 GB,100190
225,Smartron,t.book,Core i5,8 GB GB,128 GB,0 GB,52990
226,MICROSOFT,Surface,Core i5,8 GB GB,128 GB,0 GB,91999
227,Smartron,t.book,Core i5,4 GB GB,128 GB,0 GB,52990
228,HP,Pavilion,Core i5,8 GB GB,128 GB,0 GB,76012
229,Lenovo,Ideapad,Core i5,8 GB GB,256 GB,0 GB,49490
230,lenovo,Yoga,Core i5,8 GB GB,0 GB,512 GB,102990
231,acer,Swift,Core i5,8 GB GB,256 GB,0 GB,86867
232,LG,Gram,Core i5,8 GB GB,256 GB,0 GB,76990
234,ASUS,VivoBook,Core i5,8 GB GB,256 GB,0 GB,48990
235,LG,Gram,Core i5,8 GB GB,256 GB,0 GB,62990
236,DELL,Inspiron,Core i5,8 GB GB,256 GB,0 GB,55990
237,acer,Swift,Core i5,8 GB GB,256 GB,0 GB,81998
239,HP,Spectre,Core i5,8 GB GB,256 GB,0 GB,136590
240,acer,Swift,Core i5,8 GB GB,256 GB,0 GB,59490
241,ASUS,VivoBook14,Core i5,8 GB GB,256 GB,0 GB,49800
242,Lenovo,Ideapad,Core i5,8 GB GB,256 GB,0 GB,61999
243,HP,Missing,Core i5,8 GB GB,512 GB,0 GB,54990
244,HP,Missing,Core i5,8 GB GB,512 GB,0 GB,53990
245,Lenovo,Ideapad,Core i5,8 GB GB,512 GB,0 GB,52990
246,HP,Pavilion,Core i5,16 GB GB,512 GB,0 GB,67990
247,ASUS,TUF,Core i5,8 GB GB,512 GB,0 GB,57990
248,Lenovo,Ideapad,Core i5,16 GB GB,512 GB,0 GB,62300
249,realme,Book(Slim),Core i5,8 GB GB,512 GB,0 GB,52990
250,Lenovo,Missing,Core i5,8 GB GB,512 GB,0 GB,52990
251,Lenovo,IdeaPad,Core i5,8 GB GB,512 GB,0 GB,51990
252,Lenovo,IdeaPad,Core i5,16 GB GB,512 GB,0 GB,61990
253,RedmiBook,Pro,Core i5,8 GB GB,512 GB,0 GB,48990
254,ASUS,VivoBook,Core i5,8 GB GB,512 GB,0 GB,63990
255,Lenovo,ThinkPad,Core i5,8 GB GB,512 GB,0 GB,65990
256,Nokia,PureBook,Core i5,8 GB GB,512 GB,0 GB,47990
257,acer,Aspire,Core i5,8 GB GB,512 GB,0 GB,52990
258,Lenovo,IdeaPad,Core i5,8 GB GB,512 GB,0 GB,49990
259,ASUS,ASUS,Core i5,8 GB GB,512 GB,0 GB,71990
260,ASUS,VivoBook,Core i5,8 GB GB,512 GB,0 GB,47990
261,Nokia,PureBook,Core i5,8 GB GB,512 GB,0 GB,45990
262,Lenovo,IdeaPad,Core i5,8 GB GB,512 GB,0 GB,48490
263,ASUS,ASUS,Core i5,8 GB GB,512 GB,0 GB,72990
264,MSI,Katana,Core i5,16 GB GB,512 GB,0 GB,76990
265,ASUS,TUF,Core i5,16 GB GB,512 GB,0 GB,89990
266,MSI,GF63,Core i5,8 GB GB,512 GB,0 GB,59990
267,ASUS,TUF,Core i5,8 GB GB,512 GB,0 GB,65990
268,DELL,Inspiron,Core i5,8 GB GB,512 GB,0 GB,71990
269,DELL,Inspiron,Core i5,8 GB GB,512 GB,0 GB,71890
270,Lenovo,IdeaPad,Core i5,16 GB GB,512 GB,0 GB,64990
271,ASUS,VivoBook,Core i5,16 GB GB,512 GB,0 GB,65990
272,HP,Missing,Core i5,8 GB GB,512 GB,0 GB,55999
273,ASUS,VivoBook,Core i5,16 GB GB,512 GB,0 GB,73490
274,HP,Pavilion,Core i5,16 GB GB,512 GB,0 GB,74490
275,HP,Pavilion,Core i5,8 GB GB,512 GB,0 GB,58340
276,acer,Aspire,Core i5,8 GB GB,512 GB,0 GB,55999
277,DELL,Inspiron,Core i5,16 GB GB,512 GB,0 GB,67990
278,ASUS,VivoBook,Core i5,16 GB GB,512 GB,0 GB,59990
279,ASUS,TUF,Core i5,16 GB GB,512 GB,0 GB,82990
280,DELL,Vostro,Core i5,8 GB GB,512 GB,0 GB,64190
281,DELL,Missing,Core i5,16 GB GB,512 GB,0 GB,70090
282,realme,Book(Slim),Core i5,8 GB GB,512 GB,0 GB,60999
283,ASUS,Missing,Core i5,8 GB GB,512 GB,0 GB,49990
284,MSI,Missing,Core i5,8 GB GB,512 GB,0 GB,55490
285,HP,Spectre,Core i5,8 GB GB,512 GB,0 GB,97990
286,ASUS,VivoBook,Core i5,8 GB GB,512 GB,0 GB,54990
287,Lenovo,Thinkbook,Core i5,8 GB GB,512 GB,0 GB,59990
288,Lenovo,IdeaPad,Core i5,8 GB GB,512 GB,0 GB,53990
289,HP,Pavilion,Core i5,16 GB GB,512 GB,0 GB,66999
290,acer,Intel,Core i5,8 GB GB,512 GB,0 GB,60990
291,ASUS,Missing,Core i5,8 GB GB,512 GB,0 GB,47990
292,HP,Missing,Core i5,8 GB GB,512 GB,0 GB,59999
293,DELL,G15,Core i5,16 GB GB,512 GB,0 GB,79990
294,ASUS,TUF,Core i5,8 GB GB,512 GB,0 GB,63990
295,HP,Pavilion,Core i5,8 GB GB,512 GB,0 GB,63990
297,Lenovo,IdeaPad,Core i5,8 GB GB,512 GB,0 GB,55990
300,DELL,Vostro,Core i5,16 GB GB,512 GB,0 GB,69490
301,DELL,Inspiron,Core i5,16 GB GB,512 GB,0 GB,89390
302,ASUS,ZenBook,Core i5,8 GB GB,512 GB,0 GB,74990
303,Lenovo,Thinkbook,Core i5,8 GB GB,512 GB,0 GB,64990
304,Lenovo,Legion,Core i5,8 GB GB,512 GB,0 GB,66490
305,DELL,Inspiron,Core i5,16 GB GB,512 GB,0 GB,89702
306,Lenovo,Ideapad,Core i5,16 GB GB,512 GB,0 GB,70990
307,Infinix,INBook,Core i5,8 GB GB,512 GB,0 GB,42490
308,ASUS,VivoBook,Core i5,16 GB GB,512 GB,0 GB,58990
309,Lenovo,Ideapad,Core i5,8 GB GB,512 GB,0 GB,57500
310,DELL,Inspiron,Core i5,8 GB GB,512 GB,0 GB,79990
311,MSI,Modern,Core i5,8 GB GB,512 GB,0 GB,56541
312,ASUS,Missing,Core i5,16 GB GB,512 GB,0 GB,59990
313,Lenovo,ThinkBook,Core i5,16 GB GB,512 GB,0 GB,64990
314,DELL,Missing,Core i5,8 GB GB,512 GB,0 GB,61290
315,Lenovo,Missing,Core i5,8 GB GB,512 GB,0 GB,54990
316,Lenovo,ThinkBook,Core i5,8 GB GB,512 GB,0 GB,59990
317,ASUS,ASUS,Core i5,8 GB GB,512 GB,0 GB,84990
318,HP,Pavilion,Core i5,8 GB GB,512 GB,0 GB,72500
319,Lenovo,IdeaPad,Core i5,8 GB GB,512 GB,0 GB,59990
320,Lenovo,Yoga,Core i5,8 GB GB,512 GB,0 GB,87990
321,HP,14s,Core i5,8 GB GB,512 GB,0 GB,57990
322,DELL,Inspiron,Core i5,8 GB GB,512 GB,0 GB,69490
323,Lenovo,Thinkbook,Core i5,8 GB GB,512 GB,0 GB,68990
324,Lenovo,Missing,Core i5,8 GB GB,512 GB,0 GB,77990
325,ASUS,ZenBook,Core i5,8 GB GB,512 GB,0 GB,105990
326,MSI,Prestige,Core i5,8 GB GB,512 GB,0 GB,79990
327,DELL,Vostro,Core i5,8 GB GB,512 GB,0 GB,55490
328,Lenovo,IdeaPad,Core i5,8 GB GB,512 GB,0 GB,69990
329,ASUS,Zenbook,Core i5,8 GB GB,512 GB,0 GB,84990
330,DELL,Inspiron,Core i5,8 GB GB,512 GB,0 GB,59990
331,DELL,XPS,Core i5,8 GB GB,512 GB,0 GB,111890
332,DELL,Inspiron,Core i5,8 GB GB,512 GB,0 GB,65990
333,ASUS,Zenbook,Core i5,8 GB GB,512 GB,0 GB,72990
334,DELL,Inspiron,Core i5,8 GB GB,512 GB,0 GB,71090
335,MSI,Katana,Core i5,8 GB GB,512 GB,0 GB,74990
336,ASUS,ZenBook,Core i5,8 GB GB,512 GB,0 GB,79990
337,MSI,Modern,Core i5,8 GB GB,512 GB,0 GB,55490
338,DELL,Vostro,Core i5,8 GB GB,512 GB,0 GB,66490
339,ASUS,VivoBook,Core i5,8 GB GB,512 GB,0 GB,53400
340,DELL,Inspiron,Core i5,8 GB GB,512 GB,0 GB,74500
341,DELL,XPS,Core i5,8 GB GB,512 GB,0 GB,114990
342,DELL,Vostro,Core i5,8 GB GB,512 GB,0 GB,61990
343,APPLE,MacBook,Core i5,8 GB GB,512 GB,0 GB,159990
344,APPLE,MacBook,Core i5,8 GB GB,512 GB,0 GB,172090
345,MSI,Sword,Core i5,8 GB GB,512 GB,0 GB,74990
346,MSI,Modern,Core i5,8 GB GB,512 GB,0 GB,56490
347,Lenovo,ThinkPad,Core i5,8 GB GB,512 GB,0 GB,147000
348,Lenovo,Ideapad,Core i5,8 GB GB,512 GB,0 GB,55990
349,HP,Pavilion,Core i5,8 GB GB,512 GB,0 GB,77990
350,HP,Envy,Core i5,8 GB GB,512 GB,0 GB,106490
351,Lenovo,IdeaPad,Core i5,8 GB GB,512 GB,0 GB,70990
352,Lenovo,ThinkPad,Core i5,8 GB GB,512 GB,0 GB,64990
353,acer,Aspire,Core i5,8 GB GB,512 GB,0 GB,57990
354,ASUS,TUF,Core i5,8 GB GB,512 GB,0 GB,64990
355,MSI,Modern,Core i5,8 GB GB,512 GB,0 GB,54990
356,Vaio,SE,Core i5,8 GB GB,512 GB,0 GB,62890
357,HP,Spectre,Core i5,8 GB GB,512 GB,0 GB,111999
358,Lenovo,Yoga,Core i5,8 GB GB,512 GB,0 GB,70798
359,Lenovo,Legion,Core i5,8 GB GB,512 GB,0 GB,59990
360,acer,ConceptD,Core i5,8 GB GB,512 GB,0 GB,99500
361,HP,14s,Core i5,8 GB GB,512 GB,0 GB,55990
362,ASUS,ZenBook,Core i5,8 GB GB,512 GB,0 GB,72990
363,acer,Swift,Core i5,8 GB GB,512 GB,0 GB,64990
364,ASUS,Missing,Core i5,8 GB GB,512 GB,0 GB,57990
365,HP,HP,Core i5,8 GB GB,512 GB,0 GB,76990
366,Lenovo,Ideapad,Core i5,8 GB GB,512 GB,0 GB,62998
367,DELL,Inspiron,Core i5,8 GB GB,512 GB,0 GB,77990
368,HP,Spectre,Core i5,8 GB GB,512 GB,0 GB,114990
369,DELL,DELL,Core i5,8 GB GB,512 GB,0 GB,65990
370,DELL,Inspiron,Core i5,8 GB GB,512 GB,0 GB,88990
371,Lenovo,X390,Core i5,8 GB GB,512 GB,0 GB,113590
372,Mi,Notebook,Core i5,8 GB GB,512 GB,0 GB,54990
373,ASUS,VivoBook,Core i5,8 GB GB,512 GB,0 GB,73990
374,LG,Gram,Core i5,8 GB GB,512 GB,0 GB,86990
375,HP,Missing,Core i5,8 GB GB,512 GB,0 GB,61000
376,ASUS,ZenBook,Core i5,8 GB GB,512 GB,0 GB,99990
377,Lenovo,ThinkPad,Core i5,8 GB GB,512 GB,0 GB,67990
378,DELL,Inspiron,Core i5,8 GB GB,512 GB,0 GB,70799
380,ASUS,VivoBook,Core i5,8 GB GB,512 GB,0 GB,53690
381,MSI,Modern,Core i5,8 GB GB,512 GB,0 GB,55990
382,ASUS,VivoBook,Core i5,8 GB GB,512 GB,0 GB,53190
383,Lenovo,IdeaPad,Core i5,8 GB GB,512 GB,0 GB,58999
385,HP,Missing,Core i5,8 GB GB,512 GB,0 GB,82000
386,ASUS,ZenBook,Core i5,8 GB GB,512 GB,0 GB,84990
387,Lenovo,Thinpad,Core i5,8 GB GB,512 GB,0 GB,89998
390,Lenovo,IdeaPad,Core i5,8 GB GB,512 GB,0 GB,69899
391,DELL,Inpiron,Core i5,8 GB GB,512 GB,0 GB,79990
392,DELL,GAMING,Core i5,8 GB GB,512 GB,0 GB,76300
393,Lenovo,Ideapad,Core i5,8 GB GB,512 GB,0 GB,55999
394,DELL,Inspiron,Core i5,8 GB GB,512 GB,0 GB,72900
395,DELL,Inspiron,Core i5,8 GB GB,512 GB,0 GB,73990
397,DELL,Missing,Core i5,8 GB GB,512 GB,0 GB,73519
398,HP,Spectre,Core i5,8 GB GB,512 GB,0 GB,126000
399,lenovo,Yoga,Core i5,8 GB GB,0 GB,512 GB,171998
400,ASUS,ASUS,Core i5,8 GB GB,512 GB,0 GB,88990
401,HP,HP,Core i5,8 GB GB,512 GB,0 GB,114999
402,DELL,Inspiron,Core i5,8 GB GB,512 GB,0 GB,82990
403,acer,Intel,Core i5,8 GB GB,512 GB,0 GB,109999
404,Lenovo,Yoga,Core i5,8 GB GB,512 GB,0 GB,82990
406,ASUS,ZenBook,Core i5,8 GB GB,512 GB,0 GB,114990
407,HP,Spectre,Core i5,8 GB GB,512 GB,0 GB,129999
408,MSI,GS,Core i5,8 GB GB,512 GB,0 GB,149990
409,DELL,Inspiron,Core i5,8 GB GB,512 GB,0 GB,71290
410,DELL,Inspiron,Core i5,8 GB GB,512 GB,0 GB,79500
412,DELL,Inspiron,Core i5,8 GB GB,512 GB,0 GB,70980
414,HP,430,Core i5,8 GB GB,512 GB,0 GB,94000
415,DELL,Missing,Core i5,8 GB GB,512 GB,0 GB,82990
417,ASUS,Pro,Core i5,8 GB GB,512 GB,0 GB,85990
418,ASUS,ExpertBook,Core i5,8 GB GB,512 GB,0 GB,86990
420,ASUS,ExpertBook,Core i5,8 GB GB,512 GB,0 GB,84990
421,Lenovo,Ideapad,Core i5,8 GB GB,512 GB,0 GB,59999
422,Lenovo,Yoga,Core i5,8 GB GB,512 GB,0 GB,91999
423,DELL,Inspiron,Core i5,8 GB GB,512 GB,0 GB,78900
424,ASUS,ExpertBook,Core i5,8 GB GB,512 GB,0 GB,132790
425,Nokia,PureBook,Core i5,16 GB GB,512 GB,0 GB,55990
426,Lenovo,IdeaPad,Core i5,8 GB GB,512 GB,0 GB,60990
427,Avita,Liber,Core i5,8 GB GB,512 GB,0 GB,65556
428,DELL,Inspiron,Core i5,16 GB GB,512 GB,0 GB,70190
429,DELL,Missing,Core i5,8 GB GB,512 GB,0 GB,79590
431,ASUS,TUF,Core i5,8 GB GB,512 GB,0 GB,76990
432,Nokia,PureBook,Core i5,8 GB GB,512 GB,0 GB,52790
434,Avita,Liber,Core i5,8 GB GB,512 GB,0 GB,44990
435,ASUS,Intel,Core i5,8 GB GB,512 GB,0 GB,84990
436,Lenovo,Ideapad,Core i5,8 GB GB,512 GB,0 GB,86999
437,HP,Pavilion,Core i5,16 GB GB,512 GB,0 GB,78000
438,Avita,Liber,Core i5,8 GB GB,512 GB,0 GB,73063
440,HP,HP,Core i5,16 GB GB,512 GB,0 GB,100990
441,Lenovo,Ideapad,Core i5,8 GB GB,512 GB,0 GB,74990
442,ASUS,ROG,Core i5,8 GB GB,512 GB,0 GB,75990
443,Lenovo,Missing,Core i5,8 GB GB,512 GB,0 GB,84086
444,ASUS,ASUS,Core i5,8 GB GB,1024 GB,0 GB,75990
445,ASUS,TUF,Core i5,8 GB GB,1024 GB,0 GB,77990
446,ASUS,ROG,Core i5,8 GB GB,1024 GB,0 GB,77990
447,APPLE,MacBook,Core i5,16 GB GB,1024 GB,0 GB,179990
449,ASUS,ROG,Core i5,8 GB GB,1024 GB,0 GB,82990
450,ASUS,TUF,Core i5,8 GB GB,1024 GB,0 GB,87990
451,ASUS,F17,Core i5,8 GB GB,1024 GB,0 GB,84500
452,DELL,Inspiron,Core i5,8 GB GB,1024 GB,0 GB,74190
453,Lenovo,ThinkBook,Core i5,8 GB GB,1024 GB,0 GB,64990
454,Lenovo,ThinkPad,Core i5,8 GB GB,512 GB,512 GB,155411
455,Lenovo,ThinkPad,Core i5,8 GB GB,512 GB,512 GB,125394
456,acer,Aspire,Core i5,8 GB GB,0 GB,1024 GB,49990
457,acer,Aspire,Core i5,8 GB GB,0 GB,1024 GB,46990
458,DELL,Vostro,Core i5,8 GB GB,0 GB,1024 GB,48990
459,acer,Aspire,Core i5,8 GB GB,0 GB,1024 GB,59999
460,ASUS,VivoBook,Core i5,8 GB GB,0 GB,1024 GB,46990
461,MSI,GF63,Core i5,8 GB GB,0 GB,1024 GB,52990
462,Lenovo,Missing,Core i5,8 GB GB,0 GB,1024 GB,57999
463,Lenovo,B50-70,Core i5,8 GB GB,0 GB,1024 GB,52490
464,Lenovo,Ideapad,Core i5,8 GB GB,0 GB,1024 GB,56990
465,acer,Aspire,Core i5,8 GB GB,0 GB,1024 GB,61990
466,DELL,Missing,Core i5,8 GB GB,0 GB,1024 GB,58090
467,ASUS,ExpertBook,Core i5,8 GB GB,0 GB,1024 GB,56990
468,acer,Aspire,Core i5,8 GB GB,0 GB,1024 GB,61597
469,ASUS,Pro,Core i5,8 GB GB,0 GB,1024 GB,81990
470,ASUS,ExpertBook,Core i5,8 GB GB,0 GB,1024 GB,61249
471,DELL,Missing,Core i5,8 GB GB,0 GB,1024 GB,58990
472,ASUS,ExpertBook,Core i5,8 GB GB,0 GB,1024 GB,83990
473,MSI,GE76,Core i5,8 GB GB,0 GB,512 GB,291190
474,MSI,GP65,Core i5,8 GB GB,0 GB,512 GB,145990
475,MSI,GP76,Core i5,8 GB GB,0 GB,512 GB,179990
476,HP,Pavilion,Core i5,8 GB GB,0 GB,1024 GB,64990
477,HP,15q,Core i5,8 GB GB,0 GB,1024 GB,46790
478,HP,Missing,Core i5,4 GB GB,0 GB,1024 GB,44599
479,acer,Swift,Core i5,8 GB GB,0 GB,1024 GB,72964
480,HP,250,Core i5,8 GB GB,0 GB,1024 GB,48790
481,acer,Aspire,Core i5,8 GB GB,0 GB,1024 GB,56491
482,ASUS,VivoBook,Core i5,8 GB GB,256 GB,1024 GB,50990
483,ASUS,VivoBook,Core i5,8 GB GB,256 GB,1024 GB,55990
484,acer,Aspire,Core i5,8 GB GB,256 GB,1024 GB,57990
485,ASUS,VivoBook,Core i5,8 GB GB,256 GB,1024 GB,52990
486,DELL,Inspiron,Core i5,8 GB GB,256 GB,1024 GB,57990
487,acer,Aspire,Core i5,8 GB GB,256 GB,1024 GB,56990
488,acer,Travelmate,Core i5,8 GB GB,256 GB,1024 GB,55490
489,DELL,Inspiron,Core i5,8 GB GB,256 GB,1024 GB,62490
490,ASUS,VivoBook,Core i5,16 GB GB,256 GB,1024 GB,64990
491,Lenovo,Ideapad,Core i5,8 GB GB,256 GB,1024 GB,59990
492,ASUS,VivoBook,Core i5,8 GB GB,256 GB,1024 GB,60190
493,ASUS,VivoBook,Core i5,8 GB GB,256 GB,1024 GB,54490
494,Lenovo,Legion,Core i5,8 GB GB,256 GB,1024 GB,60990
495,DELL,Inspiron,Core i5,4 GB GB,256 GB,1024 GB,55790
497,ASUS,Missing,Core i5,16 GB GB,256 GB,1024 GB,58990
498,DELL,Vostro,Core i5,8 GB GB,256 GB,1024 GB,54990
499,HP,Pavilion,Core i5,8 GB GB,256 GB,1024 GB,71990
500,DELL,3511,Core i5,8 GB GB,256 GB,1024 GB,69900
501,Lenovo,Ideapad,Core i5,8 GB GB,256 GB,1024 GB,65990
502,ASUS,VivoBook,Core i5,8 GB GB,256 GB,1024 GB,49990
503,DELL,Vostro,Core i5,8 GB GB,256 GB,1024 GB,58990
504,Lenovo,IdeaPad,Core i5,8 GB GB,256 GB,1024 GB,74590
505,ASUS,Missing,Core i5,8 GB GB,256 GB,1024 GB,58990
506,ASUS,VivoBook,Core i5,8 GB GB,256 GB,1024 GB,64990
507,DELL,Inspiron,Core i5,8 GB GB,256 GB,1024 GB,66490
508,DELL,G3,Core i5,8 GB GB,256 GB,1024 GB,77900
509,DELL,Inspiron,Core i5,8 GB GB,256 GB,1024 GB,67490
510,DELL,Vostro,Core i5,8 GB GB,256 GB,1024 GB,61990
511,DELL,Inspiron,Core i5,8 GB GB,256 GB,1024 GB,58990
512,Lenovo,IdeaPad,Core i5,8 GB GB,256 GB,1024 GB,74999
513,ASUS,VivoBook,Core i5,8 GB GB,256 GB,1024 GB,68900
514,DELL,Inspiron,Core i5,8 GB GB,256 GB,1024 GB,71695
515,acer,Travelmate,Core i5,16 GB GB,256 GB,1024 GB,62490
516,DELL,Inspiron,Core i5,8 GB GB,0 GB,2048 GB,62317
517,MSI,GS66,Core i5,8 GB GB,0 GB,512 GB,207290
518,DELL,Inspiron,Core i7,16 GB GB,256 GB,0 GB,87990
519,Avita,Liber,Core i7,8 GB GB,256 GB,0 GB,73990
525,ASUS,VivoBook,Core i7,16 GB GB,512 GB,0 GB,57990
526,ASUS,VivoBook,Core i7,8 GB GB,512 GB,0 GB,61990
527,MSI,GF63,Core i7,16 GB GB,512 GB,0 GB,79990
528,Lenovo,IdeaPad,Core i7,8 GB GB,512 GB,0 GB,68990
529,Mi,Notebook,Core i7,8 GB GB,512 GB,0 GB,59490
530,Lenovo,IdeaPad,Core i7,16 GB GB,512 GB,0 GB,85990
531,Lenovo,Legion,Core i7,16 GB GB,512 GB,0 GB,99990
532,Infinix,X1,Core i7,16 GB GB,512 GB,0 GB,54990
533,ASUS,VivoBook,Core i7,8 GB GB,512 GB,0 GB,77990
534,Lenovo,IdeaPad,Core i7,8 GB GB,512 GB,0 GB,79990
535,HP,Pavilion,Core i7,16 GB GB,512 GB,0 GB,93190
536,ASUS,ZenBook,Core i7,16 GB GB,512 GB,0 GB,94990
537,Lenovo,Thinkbook,Core i7,16 GB GB,512 GB,0 GB,84990
538,MSI,Missing,Core i7,8 GB GB,512 GB,0 GB,57990
539,HP,Envy,Core i7,16 GB GB,512 GB,0 GB,102990
540,DELL,Missing,Core i7,16 GB GB,512 GB,0 GB,99990
541,ASUS,ASUS,Core i7,16 GB GB,512 GB,0 GB,94990
542,HP,Envy,Core i7,16 GB GB,512 GB,0 GB,104000
543,MSI,Missing,Core i7,16 GB GB,512 GB,0 GB,76990
544,HP,Pavilion,Core i7,16 GB GB,512 GB,0 GB,90190
545,Lenovo,Missing,Core i7,16 GB GB,512 GB,0 GB,88488
546,MSI,Prestige,Core i7,16 GB GB,512 GB,0 GB,109990
547,MSI,Sword,Core i7,16 GB GB,512 GB,0 GB,86990
548,MSI,Prestige,Core i7,16 GB GB,512 GB,0 GB,89990
549,HP,Spectre,Core i7,16 GB GB,512 GB,0 GB,239759
550,ASUS,VivoBook,Core i7,16 GB GB,512 GB,0 GB,78990
551,DELL,XPS,Core i7,16 GB GB,512 GB,0 GB,121890
552,ASUS,ZenBook,Core i7,16 GB GB,512 GB,0 GB,85990
553,MSI,Katana,Core i7,16 GB GB,512 GB,0 GB,94990
554,HP,Pavilion,Core i7,16 GB GB,512 GB,0 GB,92000
555,HP,Spectre,Core i7,16 GB GB,512 GB,0 GB,162990
556,DELL,XPS,Core i7,16 GB GB,512 GB,0 GB,135300
557,MSI,Modern,Core i7,16 GB GB,512 GB,0 GB,64990
558,Lenovo,ThinkPad,Core i7,16 GB GB,512 GB,0 GB,174527
559,Lenovo,ThinkPad,Core i7,16 GB GB,512 GB,0 GB,162299
560,DELL,Inspiron,Core i7,16 GB GB,512 GB,0 GB,109190
561,HP,Pavilion,Core i7,16 GB GB,512 GB,0 GB,99999
562,MSI,Prestige,Core i7,16 GB GB,512 GB,0 GB,104990
563,ASUS,Missing,Core i7,16 GB GB,512 GB,0 GB,109990
564,ASUS,ZenBook,Core i7,16 GB GB,512 GB,0 GB,99990
565,Lenovo,Missing,Core i7,16 GB GB,512 GB,0 GB,244801
567,Lenovo,Ideapad,Core i7,16 GB GB,512 GB,0 GB,86000
568,Lenovo,Missing,Core i7,16 GB GB,512 GB,0 GB,162399
569,HP,Missing,Core i7,16 GB GB,512 GB,0 GB,119599
570,Lenovo,Missing,Core i7,16 GB GB,512 GB,0 GB,211753
571,Lenovo,Intel,Core i7,16 GB GB,512 GB,0 GB,110999
573,ASUS,ZenBook,Core i7,8 GB GB,512 GB,0 GB,81990
574,MSI,GF63,Core i7,8 GB GB,512 GB,0 GB,66990
575,MSI,GF65,Core i7,16 GB GB,1024 GB,0 GB,84990
576,ASUS,Zenbook,Core i7,16 GB GB,1024 GB,0 GB,104990
577,ASUS,ZenBook,Core i7,16 GB GB,1024 GB,0 GB,134990
578,ASUS,ASUS,Core i7,16 GB GB,1024 GB,0 GB,98990
579,HP,Envy,Core i7,16 GB GB,1024 GB,0 GB,144690
580,ASUS,ZenBook,Core i7,16 GB GB,1024 GB,0 GB,99990
581,MSI,Stealth,Core i7,16 GB GB,1024 GB,0 GB,119990
582,ASUS,Zephyrus,Core i7,16 GB GB,1024 GB,0 GB,194990
583,ASUS,ZenBook,Core i7,16 GB GB,1024 GB,0 GB,124990
584,DELL,Inspiron,Core i7,16 GB GB,1024 GB,0 GB,122410
585,HP,Spectre,Core i7,16 GB GB,1024 GB,0 GB,179990
586,MSI,Summit,Core i7,16 GB GB,1024 GB,0 GB,154990
587,Lenovo,Yoga,Core i7,16 GB GB,1024 GB,0 GB,122990
588,ASUS,Missing,Core i7,16 GB GB,1024 GB,0 GB,224990
589,MSI,Stealth,Core i7,16 GB GB,1024 GB,0 GB,279990
590,HP,OMEN,Core i7,16 GB GB,1024 GB,0 GB,121990
591,HP,OMEN,Core i7,16 GB GB,1024 GB,0 GB,116990
592,Lenovo,Legion,Core i7,16 GB GB,1024 GB,0 GB,151098
593,MSI,Pulse,Core i7,16 GB GB,1024 GB,0 GB,129990
594,HP,Spectre,Core i7,16 GB GB,1024 GB,0 GB,149999
595,MSI,Missing,Core i7,16 GB GB,1024 GB,0 GB,139990
596,acer,Predator,Core i7,16 GB GB,1024 GB,0 GB,129990
597,HP,OMEN,Core i7,16 GB GB,1024 GB,0 GB,171990
598,DELL,Inspiron,Core i7,16 GB GB,1024 GB,0 GB,93955
599,ASUS,ROG,Core i7,16 GB GB,1024 GB,0 GB,234990
600,HP,Spectre,Core i7,16 GB GB,1024 GB,0 GB,128500
601,Lenovo,Yoga,Core i7,16 GB GB,1024 GB,0 GB,102990
602,ASUS,ZenBook,Core i7,16 GB GB,1024 GB,0 GB,119990
603,ASUS,Missing,Core i7,16 GB GB,1024 GB,0 GB,120980
604,ASUS,Zephyrus,Core i7,16 GB GB,1024 GB,0 GB,157249
605,Lenovo,Missing,Core i7,16 GB GB,1024 GB,0 GB,229900
606,ASUS,ASUS,Core i7,16 GB GB,1024 GB,0 GB,131500
607,ASUS,ExpertBook,Core i7,16 GB GB,1024 GB,0 GB,154990
608,ASUS,ExpertBook,Core i7,16 GB GB,1024 GB,0 GB,165990
609,Lenovo,Yoga,Core i7,16 GB GB,1024 GB,0 GB,119990
610,ASUS,ExpertBook,Core i7,16 GB GB,1024 GB,0 GB,167990
611,HP,Spectre,Core i7,16 GB GB,1024 GB,0 GB,165000
612,Avita,Liber,Core i7,16 GB GB,1024 GB,0 GB,62990
613,Lenovo,ThinkBook,Core i7,16 GB GB,1024 GB,0 GB,85990
614,HP,HP,Core i7,16 GB GB,1024 GB,0 GB,94990
615,HP,Omen,Core i7,16 GB GB,1024 GB,0 GB,136990
616,Lenovo,Legion,Core i7,16 GB GB,1024 GB,0 GB,234990
617,acer,Predator,Core i7,16 GB GB,2048 GB,0 GB,159990
618,ASUS,ExpertBook,Core i7,16 GB GB,2048 GB,0 GB,233990
619,ASUS,ExpertBook,Core i7,16 GB GB,0 GB,1024 GB,93990
620,HP,15,Core i7,16 GB GB,128 GB,1024 GB,116941
621,MSI,GF63,Core i7,8 GB GB,256 GB,1024 GB,63990
622,ASUS,VivoBook,Core i7,16 GB GB,256 GB,1024 GB,66990
623,ASUS,Missing,Core i7,16 GB GB,256 GB,1024 GB,82500
624,acer,Predator,Core i7,16 GB GB,256 GB,1024 GB,119990
625,MSI,WF65,Core i7,16 GB GB,256 GB,1024 GB,159990
626,ASUS,Pro,Core i7,16 GB GB,256 GB,1024 GB,98912
627,acer,Predator,Core i7,16 GB GB,512 GB,1024 GB,92990
628,acer,Predator,Core i7,16 GB GB,512 GB,1024 GB,119990
629,acer,Predator,Core i9,32 GB GB,1024 GB,0 GB,169990
630,acer,Predator,Core i9,16 GB GB,1024 GB,0 GB,139990
631,MSI,Creator,Core i9,16 GB GB,1024 GB,0 GB,192990
632,ASUS,ROG,Core i9,16 GB GB,1024 GB,0 GB,299990
633,ASUS,Missing,Core i9,16 GB GB,1024 GB,0 GB,269990
634,ASUS,ASUS,Core i9,16 GB GB,1024 GB,0 GB,139990
635,Lenovo,Missing,Core i9,16 GB GB,1024 GB,0 GB,265998
636,ASUS,Zephyrus,Core i9,16 GB GB,3072 GB,0 GB,441990
637,Smartron,t.book,Core m3,4 GB GB,128 GB,0 GB,42990
638,MSI,Katana,Core i5,8 GB GB,0 GB,512 GB,86990
639,acer,Aspire,Dual Core,4 GB GB,256 GB,0 GB,29990
640,acer,Dual,Dual Core,4 GB GB,256 GB,0 GB,31990
641,MSI,Pulse,Core i5,8 GB GB,0 GB,512 GB,109990
642,MSI,Pulse,Core i5,8 GB GB,0 GB,512 GB,109590
643,ASUS,ROG,Core i7,16 GB GB,0 GB,512 GB,146490
644,HP,Chromebook,Dual Core,4 GB GB,0 GB,512 GB,61745
645,ASUS,ZenBook,Ever Screenpad,4 GB GB,0 GB,512 GB,209690
646,ASUS,ZenBook,Ever Screenpad,4 GB GB,0 GB,512 GB,175190
647,ALIENWARE,Missing,GeForce GTX,8 GB GB,0 GB,512 GB,199990
648,DELL,G15,GeForce GTX,8 GB GB,0 GB,512 GB,75500
649,ALIENWARE,Missing,GeForce RTX,8 GB GB,0 GB,512 GB,345390
650,ALIENWARE,Missing,GeForce RTX,8 GB GB,0 GB,512 GB,214790
651,ALIENWARE,Missing,GeForce RTX,8 GB GB,0 GB,512 GB,269290
652,DELL,G15,GEFORCE RTX,4 GB GB,0 GB,512 GB,95990
653,MSI,GF65,Hexa Core,16 GB GB,512 GB,0 GB,76990
654,MSI,GF63,Hexa Core,8 GB GB,256 GB,1024 GB,55990
655,APPLE,MacBook,M1,8 GB GB,256 GB,0 GB,85990
656,APPLE,MacBook,M1,8 GB GB,256 GB,0 GB,112990
657,APPLE,MacBook,M1,16 GB GB,256 GB,0 GB,104990
659,APPLE,MacBook,M1,16 GB GB,256 GB,0 GB,132990
662,APPLE,MacBook,M1,16 GB GB,512 GB,0 GB,149990
663,APPLE,MacBook,M1,8 GB GB,512 GB,0 GB,125990
664,APPLE,MacBook,M1,8 GB GB,512 GB,0 GB,103990
665,APPLE,MacBook,M1,8 GB GB,512 GB,0 GB,101990
666,APPLE,MacBook,M1,8 GB GB,512 GB,0 GB,104990
667,APPLE,MacBook,M1,8 GB GB,512 GB,0 GB,131990
668,APPLE,MacBook,M1,16 GB GB,512 GB,0 GB,128990
669,APPLE,MacBook,M1,16 GB GB,512 GB,0 GB,184990
670,APPLE,MacBook,M1,16 GB GB,512 GB,0 GB,225990
671,APPLE,MacBook,M1,4 GB GB,512 GB,0 GB,124990
673,APPLE,MacBook,M1,8 GB GB,1024 GB,0 GB,149990
674,APPLE,MacBook,M1,16 GB GB,1024 GB,0 GB,169990
675,APPLE,MacBook,M1,16 GB GB,1024 GB,0 GB,225990
676,APPLE,MacBook,M1,16 GB GB,1024 GB,0 GB,243990
677,APPLE,MacBook,M1,32 GB GB,1024 GB,0 GB,309990
679,DELL,G7,GeForce RTX,8 GB GB,0 GB,512 GB,179990
680,acer,Missing,Genuine Windows,4 GB GB,128 GB,0 GB,116640
681,acer,Predator,Genuine Windows,4 GB GB,0 GB,512 GB,129999
682,ASUS,ASUS,Pentium Quad,4 GB GB,0 GB,512 GB,45990
683,iball,CompBook,Pentium Quad,4 GB GB,0 GB,512 GB,13990
684,ASUS,Pentium,Pentium Quad,4 GB GB,128 GB,0 GB,58100
685,ASUS,ASUS,Pentium Quad,8 GB GB,256 GB,0 GB,62990
686,HP,Pentium,Pentium Quad,8 GB GB,256 GB,0 GB,32990
687,ASUS,VivoBook,Pentium Quad,4 GB GB,256 GB,0 GB,33990
688,acer,Extensa,Pentium Quad,4 GB GB,256 GB,0 GB,30990
689,DELL,Inspiron,Pentium Quad,4 GB GB,256 GB,0 GB,36000
690,ASUS,VivoBook,Pentium Quad,4 GB GB,256 GB,0 GB,32990
691,DELL,Inspiron,Pentium Quad,4 GB GB,256 GB,0 GB,35990
692,ASUS,Pentium,Pentium Quad,4 GB GB,0 GB,1024 GB,27990
693,ASUS,Pentium,Pentium Quad,4 GB GB,0 GB,1024 GB,25990
695,ASUS,Asus,Pentium Quad,4 GB GB,0 GB,1024 GB,30780
696,ASUS,VivoBook,Pentium Silver,4 GB GB,256 GB,0 GB,29990
697,ASUS,EeeBook,Pentium Silver,4 GB GB,256 GB,0 GB,31990
698,Lenovo,Legion,Genuine Windows,4 GB GB,0 GB,512 GB,77890
699,HP,Ryzen,Ryzen 3,8 GB GB,256 GB,0 GB,37990
700,ASUS,Ryzen,Ryzen 3,8 GB GB,256 GB,0 GB,35990
701,DELL,Inspiron,Ryzen 3,8 GB GB,256 GB,0 GB,39490
702,DELL,Inspiron,Ryzen 3,8 GB GB,256 GB,0 GB,36990
703,DELL,Ryzen,Ryzen 3,8 GB GB,256 GB,0 GB,39990
704,ASUS,Ryzen,Ryzen 3,4 GB GB,256 GB,0 GB,33690
705,DELL,Inspiron,Ryzen 3,8 GB GB,256 GB,0 GB,40590
706,ASUS,VivoBook,Ryzen 3,4 GB GB,256 GB,0 GB,37990
707,ASUS,VivoBook,Ryzen 3,4 GB GB,256 GB,0 GB,34500
708,acer,Aspire,Ryzen 3,8 GB GB,512 GB,0 GB,36990
709,HP,Ryzen,Ryzen 3,8 GB GB,512 GB,0 GB,43490
710,HP,Ryzen,Ryzen 3,8 GB GB,512 GB,0 GB,41490
711,acer,Aspire,Ryzen 3,4 GB GB,512 GB,0 GB,34990
712,HP,15s,Ryzen 3,4 GB GB,512 GB,0 GB,44490
713,DELL,Vostro,Ryzen 3,4 GB GB,512 GB,0 GB,40590
714,DELL,Inspiron,Ryzen 3,8 GB GB,512 GB,0 GB,42090
715,DELL,Vostro,Ryzen 3,8 GB GB,0 GB,1024 GB,35990
716,HP,15s,Ryzen 3,8 GB GB,0 GB,1024 GB,39490
717,DELL,Inspiron,Ryzen 3,8 GB GB,0 GB,1024 GB,37390
718,DELL,Inspiron,Ryzen 3,4 GB GB,0 GB,1024 GB,52632
719,DELL,Inspiron,Ryzen 3,4 GB GB,0 GB,1024 GB,39990
720,DELL,DELL,Ryzen 3,4 GB GB,0 GB,1024 GB,43990
721,HP,15q,Ryzen 3,4 GB GB,0 GB,1024 GB,32917
722,Lenovo,Ryzen,Ryzen 3,4 GB GB,0 GB,1024 GB,34990
723,DELL,Inspiron,Ryzen 3,8 GB GB,0 GB,1024 GB,39990
724,HP,15s,Ryzen 3,8 GB GB,256 GB,1024 GB,41999
725,HP,Chromebook,MediaTek Kompanio,4 GB GB,0 GB,512 GB,22990
726,HP,Chromebook,MediaTek Kompanio,4 GB GB,0 GB,512 GB,22490
728,MICROSOFT,Surface,Ryzen 5,4 GB GB,128 GB,0 GB,99990
729,DELL,Vostro,Ryzen 5,8 GB GB,256 GB,0 GB,41990
730,DELL,Inspiron,Ryzen 5,8 GB GB,256 GB,0 GB,44490
731,DELL,Inspiron,Ryzen 5,8 GB GB,256 GB,0 GB,41990
732,DELL,Vostro,Ryzen 5,8 GB GB,256 GB,0 GB,44490
733,MSI,Modern,Ryzen 5,4 GB GB,256 GB,0 GB,49990
734,DELL,Inspiron,Ryzen 5,4 GB GB,256 GB,0 GB,44390
735,HP,Pavilion,Ryzen 5,8 GB GB,512 GB,0 GB,57990
736,Lenovo,IdeaPad,Ryzen 5,8 GB GB,512 GB,0 GB,56990
737,Lenovo,IdeaPad,Ryzen 5,8 GB GB,512 GB,0 GB,48990
738,HP,Ryzen,Ryzen 5,8 GB GB,512 GB,0 GB,49970
739,MSI,Modern,Ryzen 5,8 GB GB,512 GB,0 GB,47990
740,HP,Ryzen,Ryzen 5,8 GB GB,512 GB,0 GB,48990
741,acer,Swift,Ryzen 5,8 GB GB,512 GB,0 GB,53990
742,Lenovo,IdeaPad,Ryzen 5,8 GB GB,512 GB,0 GB,52990
743,acer,Aspire,Ryzen 5,8 GB GB,512 GB,0 GB,43990
744,Lenovo,Ideapad,Ryzen 5,8 GB GB,512 GB,0 GB,59490
745,MSI,Bravo,Ryzen 5,8 GB GB,512 GB,0 GB,64990
746,DELL,Vostro,Ryzen 5,8 GB GB,512 GB,0 GB,47490
747,HP,HP,Ryzen 5,8 GB GB,512 GB,0 GB,59990
748,Lenovo,Legion,Ryzen 5,8 GB GB,512 GB,0 GB,69990
749,HP,15-ec1105AX,Ryzen 5,8 GB GB,512 GB,0 GB,58990
750,DELL,Vostro,Ryzen 5,8 GB GB,512 GB,0 GB,59490
751,HP,Pavilion,Ryzen 5,16 GB GB,512 GB,0 GB,67500
753,ASUS,VivoBook,Ryzen 5,8 GB GB,512 GB,0 GB,62450
754,ASUS,VivoBook,Ryzen 5,8 GB GB,512 GB,0 GB,58990
755,ASUS,APU,Quad,4 GB GB,0 GB,512 GB,19990
756,HP,Pavilion,Ryzen 5,8 GB GB,512 GB,0 GB,57999
757,ASUS,VivoBook,Ryzen 5,16 GB GB,512 GB,0 GB,56990
758,HP,Pavilion,Ryzen 5,8 GB GB,512 GB,0 GB,72990
759,HP,Pavilion,Ryzen 5,16 GB GB,512 GB,0 GB,65990
760,HP,Envy,Ryzen 5,16 GB GB,512 GB,0 GB,98020
761,HP,Pavilion,Ryzen 5,16 GB GB,512 GB,0 GB,63990
762,ASUS,Ryzen,Ryzen 5,8 GB GB,512 GB,0 GB,49890
763,DELL,Inspiron,Ryzen 5,8 GB GB,512 GB,0 GB,49990
765,HP,Envy,Ryzen 5,8 GB GB,512 GB,0 GB,73999
766,DELL,Inspiron,Ryzen 5,4 GB GB,512 GB,0 GB,60990
767,DELL,G5,Ryzen 5,4 GB GB,512 GB,0 GB,76190
768,Lenovo,Yoga,Ryzen 5,4 GB GB,512 GB,0 GB,74798
769,ASUS,VivoBook,Ryzen 5,4 GB GB,512 GB,0 GB,58990
770,HP,Ryzen,Ryzen 5,4 GB GB,512 GB,0 GB,68100
771,Lenovo,Yoga,Ryzen 5,4 GB GB,512 GB,0 GB,77990
772,HP,Pavilion,Ryzen 5,4 GB GB,512 GB,0 GB,55090
773,ASUS,Zenbook,Ryzen 5,4 GB GB,512 GB,0 GB,91990
774,HP,Pavilion,Ryzen 5,4 GB GB,512 GB,0 GB,84208
775,acer,Aspire,Ryzen 5,4 GB GB,512 GB,0 GB,44990
776,HP,15s,Ryzen 5,4 GB GB,512 GB,0 GB,53490
777,Lenovo,Legion,Ryzen 5,4 GB GB,512 GB,0 GB,76498
778,DELL,Ryzen,Ryzen 5,4 GB GB,512 GB,0 GB,98920
779,MSI,Modern,Ryzen 5,4 GB GB,512 GB,0 GB,54990
780,acer,Aspire,Ryzen 5,4 GB GB,512 GB,0 GB,49990
781,HP,Ryzen,Ryzen 5,4 GB GB,512 GB,0 GB,52380
783,HP,14s,Ryzen 5,4 GB GB,512 GB,0 GB,52500
784,Vaio,E,Ryzen 5,4 GB GB,512 GB,0 GB,49590
785,ASUS,Ryzen,Ryzen 5,4 GB GB,512 GB,0 GB,49990
786,acer,Aspire,Ryzen 5,4 GB GB,512 GB,0 GB,75999
787,ASUS,AMD,Ryzen 5,4 GB GB,512 GB,0 GB,80990
788,Lenovo,IDEAPAD,Ryzen 5,4 GB GB,512 GB,0 GB,59900
789,HP,15s,Ryzen 5,4 GB GB,512 GB,0 GB,54590
790,DELL,Inspiron,Ryzen 5,4 GB GB,512 GB,0 GB,75500
791,HP,Ryzen,Ryzen 5,8 GB GB,512 GB,0 GB,51890
792,ASUS,VivoBook,Ryzen 5,16 GB GB,512 GB,0 GB,78000
793,Vaio,E,Ryzen 5,8 GB GB,512 GB,0 GB,50990
794,HP,Pavilion,Ryzen 5,16 GB GB,512 GB,0 GB,59999
795,HP,Pavilion,Ryzen 5,8 GB GB,512 GB,0 GB,64990
796,DELL,Ryzen,Ryzen 5,4 GB GB,1024 GB,0 GB,57900
797,Lenovo,Yoga,Ryzen 5,4 GB GB,1024 GB,0 GB,81978
798,HP,Pavilion,Ryzen 5,4 GB GB,0 GB,1024 GB,59990
799,DELL,Inspiron,Ryzen 5,8 GB GB,256 GB,1024 GB,49490
800,ASUS,VivoBook,Ryzen 5,8 GB GB,256 GB,1024 GB,54990
801,Lenovo,Legion,Ryzen 5,8 GB GB,256 GB,1024 GB,68500
804,Lenovo,Ideapad,Ryzen 5,8 GB GB,256 GB,1024 GB,63990
805,HP,Pavilion,Ryzen 5,4 GB GB,256 GB,1024 GB,80000
806,DELL,Ryzen,Ryzen 5,4 GB GB,256 GB,1024 GB,51990
807,ASUS,VivoBook,Ryzen 5,4 GB GB,256 GB,1024 GB,62990
808,HP,Ryzen,Ryzen 5,4 GB GB,256 GB,1024 GB,52990
809,ASUS,Ryzen,Ryzen 5,4 GB GB,256 GB,1024 GB,75100
810,ASUS,ASUS,Ryzen 7,16 GB GB,512 GB,0 GB,76990
811,ASUS,Ryzen,Ryzen 7,16 GB GB,512 GB,0 GB,79990
812,ASUS,ROG,Ryzen 7,8 GB GB,512 GB,0 GB,71990
814,Lenovo,Lenovo,Ryzen 7,16 GB GB,512 GB,0 GB,99990
816,DELL,Ryzen,Ryzen 7,16 GB GB,512 GB,0 GB,93990
817,ASUS,ASUS,Ryzen 7,16 GB GB,512 GB,0 GB,82990
818,ASUS,ROG,Ryzen 7,4 GB GB,512 GB,0 GB,106990
819,ASUS,VivoBook,Ryzen 7,4 GB GB,512 GB,0 GB,92990
820,Lenovo,IdeaPad,Ryzen 7,4 GB GB,512 GB,0 GB,81490
821,ASUS,VivoBook,Ryzen 7,4 GB GB,512 GB,0 GB,56990
822,MSI,Modern,Ryzen 7,4 GB GB,512 GB,0 GB,64990
823,Lenovo,Ideapad,Ryzen 7,4 GB GB,512 GB,0 GB,60990
824,Lenovo,Ryzen,Ryzen 7,4 GB GB,512 GB,0 GB,84988
825,HP,Pavilion,Ryzen 7,4 GB GB,512 GB,0 GB,90990
826,Vaio,E,Ryzen 7,4 GB GB,512 GB,0 GB,56990
827,ASUS,VivoBook,Ryzen 7,4 GB GB,512 GB,0 GB,63990
828,Lenovo,Ideapad,Ryzen 7,4 GB GB,512 GB,0 GB,63990
829,HP,Ryzen,Ryzen 7,4 GB GB,512 GB,0 GB,57999
830,ASUS,Ryzen,Ryzen 7,4 GB GB,512 GB,0 GB,72400
831,Lenovo,Yoga,Ryzen 7,4 GB GB,512 GB,0 GB,78990
832,acer,Aspire,Ryzen 7,4 GB GB,512 GB,0 GB,59990
833,ASUS,ROG,Ryzen 7,4 GB GB,512 GB,0 GB,111990
834,HP,Ryzen,Ryzen 7,4 GB GB,512 GB,0 GB,109000
835,DELL,G5,Ryzen 7,4 GB GB,512 GB,0 GB,89990
836,Lenovo,Yoga,Ryzen 7,4 GB GB,512 GB,0 GB,78988
837,Lenovo,Ryzen,Ryzen 7,4 GB GB,512 GB,0 GB,73138
838,Lenovo,Ryzen,Ryzen 7,4 GB GB,512 GB,0 GB,106990
839,ASUS,Ryzen,Ryzen 7,4 GB GB,512 GB,0 GB,79990
840,DELL,Inspiron,Ryzen 7,4 GB GB,512 GB,0 GB,89570
841,HP,15s,Ryzen 7,4 GB GB,512 GB,0 GB,68500
842,Lenovo,Ideapad,Ryzen 7,16 GB GB,512 GB,0 GB,73400
843,Vaio,E,Ryzen 7,8 GB GB,512 GB,0 GB,57990
844,HP,Pavilion,Ryzen 7,16 GB GB,512 GB,0 GB,79990
845,HP,Pavilion,Ryzen 7,16 GB GB,512 GB,0 GB,84990
846,MSI,Alpha,Ryzen 7,16 GB GB,1024 GB,0 GB,99990
847,ASUS,ROG,Ryzen 7,8 GB GB,1024 GB,0 GB,72990
848,HP,HP,Ryzen 7,16 GB GB,1024 GB,0 GB,92990
849,HP,Pavilion,Ryzen 7,16 GB GB,1024 GB,0 GB,84190
850,ASUS,Zenbook,Ryzen 7,16 GB GB,1024 GB,0 GB,112990
851,ASUS,ROG,Ryzen 7,4 GB GB,1024 GB,0 GB,114990
852,acer,Swift,Ryzen 7,4 GB GB,1024 GB,0 GB,99990
853,ASUS,TUF,Ryzen 7,4 GB GB,1024 GB,0 GB,95990
854,HP,OMEN,Ryzen 7,4 GB GB,1024 GB,0 GB,159990
855,ASUS,ROG,Ryzen 7,4 GB GB,1024 GB,0 GB,76990
856,Lenovo,Legion,Ryzen 7,4 GB GB,1024 GB,0 GB,130990
857,ASUS,VivoBook,Ryzen 7,4 GB GB,1024 GB,0 GB,99990
858,ASUS,ROG,Ryzen 7,4 GB GB,1024 GB,0 GB,112990
859,Lenovo,Ideapad,Ryzen 7,4 GB GB,1024 GB,0 GB,77988
860,ASUS,ROG,Ryzen 7,4 GB GB,1024 GB,0 GB,76000
861,ASUS,ROG,Ryzen 7,4 GB GB,1024 GB,0 GB,99990
862,ASUS,Zephyrus,Ryzen 7,4 GB GB,1024 GB,0 GB,111000
863,ASUS,Ryzen,Ryzen 7,16 GB GB,1024 GB,0 GB,84970
864,HP,Pavilion,Ryzen 7,16 GB GB,256 GB,1024 GB,75990
865,acer,Nitro,Ryzen 7,16 GB GB,256 GB,1024 GB,89990
866,acer,Nitro,Ryzen 7,16 GB GB,256 GB,1024 GB,81990
867,Lenovo,Ryzen,Ryzen 7,4 GB GB,512 GB,1024 GB,80490
868,ASUS,ROG,Ryzen 9,16 GB GB,1024 GB,0 GB,135990
869,ASUS,ROG,Ryzen 9,16 GB GB,1024 GB,0 GB,154990
870,ASUS,ROG,Ryzen 9,16 GB GB,1024 GB,0 GB,199990
871,ASUS,ROG,Ryzen 9,16 GB GB,1024 GB,0 GB,114990
872,ASUS,ROG,Ryzen 9,16 GB GB,1024 GB,0 GB,129990
874,MSI,Delta,Ryzen 9,4 GB GB,1024 GB,0 GB,146990
875,ASUS,VivoBook,Ryzen 9,4 GB GB,1024 GB,0 GB,104990
876,ASUS,ROG,Ryzen 9,4 GB GB,1024 GB,0 GB,114990
877,ASUS,ROG,Ryzen 9,4 GB GB,1024 GB,0 GB,124990
878,ASUS,Zenbook,Ryzen 9,4 GB GB,1024 GB,0 GB,134990
879,HP,OMEN,Ryzen 9,4 GB GB,1024 GB,0 GB,141990
880,ASUS,Rog,Ryzen 9,4 GB GB,1024 GB,0 GB,129990
881,ASUS,ROG,Ryzen 9,4 GB GB,1024 GB,0 GB,142990
882,ASUS,Zephyrus,Ryzen 9,4 GB GB,1024 GB,0 GB,121990
884,ASUS,ROG,Ryzen 9,4 GB GB,1024 GB,0 GB,141990
885,ASUS,VivoBook,Ryzen 9,4 GB GB,1024 GB,0 GB,162990
886,ASUS,VivoBook,Ryzen 9,4 GB GB,1024 GB,0 GB,130500
887,ASUS,VivoBook,Ryzen 9,4 GB GB,1024 GB,0 GB,116990
888,ASUS,Ryzen,Ryzen 9,4 GB GB,1024 GB,0 GB,138990
889,ASUS,ROG,Ryzen 9,4 GB GB,1024 GB,0 GB,234990
890,ASUS,ROG,Ryzen 9,4 GB GB,1024 GB,0 GB,135990
891,ASUS,ROG,Ryzen 9,4 GB GB,1024 GB,0 GB,144990
892,ASUS,Ryzen,Ryzen 9,4 GB GB,1024 GB,0 GB,149990
893,ASUS,Ryzen,Ryzen 9,4 GB GB,1024 GB,0 GB,142990
894,SAMSUNG,Galaxy,Snapdragon 7c,4 GB GB,0 GB,512 GB,38990
895,Lenovo,Thinkpad,Ryzen 5,8 GB GB,512 GB,0 GB,57490
